{"cameraMode":{"drawMode":0,"name":"Shaded","section":"Shading Mode"},"sceneLighting":false,"audioPlay":false,"sceneViewState":{"m_AlwaysRefresh":false,"showFog":true,"showSkybox":false,"showFlares":true,"showImageEffects":true,"showParticleSystems":true,"showVisualEffectGraphs":true,"m_FxEnabled":true},"in2DMode":false,"pivot":{"x":250.97877502441407,"y":169.9813995361328,"z":669.1409912109375},"rotation":{"x":-0.18367797136306764,"y":-0.030364707112312318,"z":0.0057164886966347698,"w":-0.982542097568512},"size":572.6085815429688,"orthographic":false}